{
  "hd": 4.44,
  "sd": -5.550000000000001,
  "mdg": 0.180264,
  "sdg": 0.8562540000000001,
  "hdg": 0.0,
  "tc": -0.005,
  "tr": 40.0,
  "calibration_accuracy": "6/100"
}